Stock,Beta,CAPM Expected Annual Return
Reliance,1.0906619463901206,0.12442430298383789
HDFC Bank,1.0405561209517569,0.12197913870244573
Infosys,0.870701813463481,0.11369024849701787
